a,1
ab-ab,1
aba,1
abae,1
abaeong,1
abaga,1
abahong,1
abak-abak,1
abaka,1
abakada,1
abang,1
abangay,1
abaniko,1
abano,1
abanti,1
abat,1
abaw,1
abay,1
abenturar,1
abi,1
abi-abi,1
abil,1
abiriya,1
abiso,1
abnormal,1
abo,1
abogado,1
abokado,1
abong,1
abot,1
abrakadabra,1
abrasyete,1
abri,1
abridilata,1
abril,1
abrilata,1
absen,1
abtik,1
abunar,1
abunda,1
abuno,1
abusar,1
abuso,1
abyador,1
abyan,1
adelpa,1
adgaw,1
adhektibo,1
adlaw,1
adlos,1
administrasyon,1
adngan,1
adobo,1
adoy,1
adto,1
adtunan,1
adudueay,1
adventista,1
adwing,1
adyi,1
adyos,1
aeaay,1
aeabihig,1
aeak,1
aeam,1
aeam-aeam,1
aean,1
aeang-aeang,1
aeangay,1
aeanghilan,1
aeangon,1
aeap,1
aeap-ap,1
aeap-apon,1
aeas,1
aeat,1
aeaw-aeaw,1
aeayagan,1
aeogbati,1
aeokait,1
aeom,1
aeopisan,1
aeosiman,1
aeugsok,1
aeundog,1
aeupi,1
ag,1
aga,1
agaeon,1
agagangis,1
agak,1
agam-agam,1
agap,1
agaray,1
agas-agas,1
agasili,1
agaw,1
agay,1
agbago,1
agbaliw,1
agbalugo,1
agbanawan,1
agbanuod,1
agbay,1
agbon,1
agboy,1
agbukad,1
agda,1
agdugayan,1
ageangbon,1
aghas,1
agi,1
agihis,1
agila,1
agindan,1
agis-is,1
agiw,1
agkawilan,1
aglipay,1
agmailig,1
agod,1
agoe,1
agom,1
agosto,1
agotiot,1
agoy,1
agrabyo,1
agsa,1
agta,1
agto,1
agtohangin,1
agubay,1
aguguling,1
agugutay,1
aguho,1
agunta,1
agup-up,1
agutay,1
agutaya,1
agwa,1
agwador,1
agwahi,1
agwanta,1
agwantid,1
agwason,1
ah,1
aha,1
ahas,1
ahat,1
ahog,1
ak-ak,1
akab,1
akad,1
akae-akae,1
akasya,1
akean,1
akeanon,1
akid,1
akig,1
akin,1
ako,1
akon,1
akop,1
aksento,1
aksidenti,1
aktor,1
aktris,1
ala,1
alaga,1
alagwa,1
alahas,1
alambre,1
alaminos,1
alamusa,1
alas,1
alas-as,1
alawans,1
albasan,1
albor,1
album,1
alegria,1
alemanya,1
alerdyik,1
algo,1
algudon,1
alibag,1
alibagon,1
alibakos,1
alibangbang,1
alibutbut,1
alibutod,1
alibutra,1
aligutgut,1
alihid,1
alikumo,1
alila,1
alima,1
alimango,1
alimatok,1
alimbo,1
alimbong,1
alimbukad,1
alimbuyog,1
alimpupudwan,1
alimukon,1
alin,1
alinton,1
alipaeok,1
alipaksi,1
alipano,1
alipante,1
alipata,1
alipotan,1
alipuan,1
alipudwan,1
alipueos,1
alipungot,1
alipungto,1
alipusta,1
aliputos,1
alisbong,1
alisi,1
alisiwsiw,1
aliso,1
alisoso,1
alisto,1
alitaptap,1
alkalde,1
alkampor,1
alkansi,1
alkansiya,1
alkimiya,1
alkitran,1
alkuhol,1
alkuholira,1
almanaki,1
almasin,1
almiris,1
alpargata,1
alpot,1
alpunsino,1
alsa,1
altar,1
altavas,1
aluminyon,1
alvar,1
ama,1
ama-ama,1
amaeadyang,1
amaeanhig,1
amag,1
amak,1
amakan,1
amamaeo,1
amamakoe,1
amamangi,1
aman,1
amanggueang,1
amarguso,1
amarilyo,1
amat,1
amba,1
ambag,1
ambasador,1
ambi,1
ambisyon,1
ambit,1
ambon,1
ambong,1
ambos,1
ambot,1
ambueong,1
ambulansya,1
amen,1
amerika,1
ami,1
amigo,1
amihan,1
amin,1
aminudo,1
amiroe,1
amis,1
amlig,1
amo,1
amod,1
amon,1
amor,1
amorado,1
amosikos,1
amot,1
ampara,1
ampaw,1
ampayr,1
ampo,1
ampon,1
amueanbuean,1
amueunae,1
amuhoe,1
amulit,1
amuma,1
amumuong,1
amuyong,1
amwad,1
amyon,1
an-om,1
ana,1
anad,1
anaga-taga,1
anagas,1
anahaw,1
anak,1
ananay,1
anano,1
anay,1
anda,1
andador,1
andagaw,1
andahanon,1
andam,1
andamyo,1
andar,1
anday,1
andoe,1
anduhoy,1
ang,1
angan-angan,1
angas,1
angay,1
angeles,1
angga,1
anggid,1
anggisod,1
anggoe,1
anghil,1
anghit,1
angka,1
angkab,1
angkas,1
angkat,1
angkayan,1
angkit,1
angkla,1
angkob,1
angkon,1
anglit,1
angoe,1
angot,1
angso,1
angsod,1
angta,1
angtod,1
ani,1
anib,1
anilaw,1
animal,1
aninipot,1
anino,1
anit,1
anitos,1
ano,1
anod,1
anok,1
anonang,1
anta,1
antabay,1
antad,1
antatay,1
antayamis,1
antigo,1
antina,1
anting,1
anting-anting,1
antipara,1
antipatiko,1
antipolo,1
antiyohos,1
antolihaw,1
antos,1
antoyamis,1
anunuo,1
anwang,1
anyag,1
anyel,1
anyo,1
anyos,1
ap-at,1
apa,1
apan,1
apang,1
aparador,1
aparicio,1
apartment,1
apas,1
apaw,1
apdo,1
apeod,1
api,1
apid,1
apihis,1
apilyido,1
apin,1
apindiks,1
apitong,1
apo,1
apog,1
apogan,1
apok,1
apora,1
aporado,1
apostropi,1
apresyar,1
aprika,1
apuro,1
apustol,1
aputoe,1
aputong,1
apyan,1
apyaniro,1
aquino,1
arab,1
arabya,1
arado,1
arag,1
aragay,1
aranas,1
araro,1
aras,1
arasan,1
arcangel norte,1
arcangel sur,1
arena,1
argaw,1
argulya,1
ari-a,1
arigato,1
ariglado,1
aringking,1
arinha,1
arinola,1
ariring,1
arisgado,1
arisgar,1
aristokratik,1
aritmitik,1
aritos,1
ariya,1
arkanghil,1
arkila,1
arkilado,1
arkitek,1
arkitekto,1
arko,1
armas,1
armi,1
aroma,1
arosera,1
arot,1
aroy,1
arpa,1
arsya,1
arte,1
artehan,1
artikulo,1
artista,1
artisyan,1
aruna,1
aruro,1
asa,1
asae,1
asag,1
asak,1
asaw-asaw,1
asawa,1
asayte,1
asenso,1
asento,1
asero,1
asertar,1
asgad,1
asido,1
asik,1
asin,1
asindero,1
asinta,1
asintado,1
asiti,1
askad,1
asla,1
aslom,1
aslum,1
aso,1
asog,1
asoy,1
aspalto,1
asparagus,1
astrunot,1
asugi,1
asukar,1
asunto,1
asuos,1
aswang,1
ata,1
ataat,1
atab,1
atag,1
ataki,1
atang,1
atang-atang,1
atas,1
atay,1
atensyon,1
atgaw,1
athag,1
ati,1
atimon,1
atip,1
atipan,1
atipuyong,1
atis,1
aton,1
atop,1
atraka,1
atras,1
atribir,1
atsara,1
atsay,1
atsi,1
atubadngan,1
atubang,1
aturgar,1
atyog,1
awa,1
awak-awak,1
awas,1
awat,1
away,1
awhag,1
awto,1
awtomatiko,1
ay,1
ayaay,1
ayad,1
ayad-ayad,1
ayag,1
ayam,1
ayap,1
ayat,1
ayaw,1
ayi,1
ayo,1
ayod-ayod,1
ayon,1
aysdrop,1
ayskrim,1
ayuktot,1
ayutong,1
ba,1
ba-ba,1
baae-baae,1
baak,1
babad,1
babayi,1
baboy,1
badbad,1
badlis,1
badlit,1
badlo,1
badlong,1
badminton,1
badyang,1
badyangan,1
badyawan,1
badyo,1
bae-a,1
bae-ag,1
bae-ot,1
baea,1
baea-an,1
baeabag,1
baeagon,1
baeahibo,1
baeaka,1
baean-an,1
baeanak,1
baeanaw,1
baeanga,1
baeangag,1
baeangaw,1
baeangay,1
baeanggangat,1
baeangka,1
baeanta,1
baeantik,1
baearas,1
baearaw,1
baearing,1
baeas,1
baeasa,1
baeasugi,1
baeat,1
baeatik,1
baeatok,1
baeatong,1
baeaw,1
baeay,1
baeay-baeay,1
baeaybay,1
baeayi,1
baebae,1
baeo,1
baeo-bo,1
baeod,1
baeoe,1
baeok,1
baeokag,1
baeon,1
baeos,1
baeot-baeot,1
baesa,1
baeubad,1
baeubay,1
baeuskay,1
baeuso,1
bag,1
bag-ang,1
bag-id,1
bag-o,1
bag-ong baryo,1
baga,1
bagaas,1
bagakay,1
baganas,1
bagani,1
bagat,1
bagawbaw,1
bagay,1
bagaykay,1
bagbag,1
bageot,1
baghae,1
baghok,1
bagi,1
baginbin,1
bagis,1
bagnas,1
bagnit,1
bago,1
bagoe,1
bagon,1
bagong-bagong,1
bagot,1
bagsak,1
bagsang,1
bagtas,1
bagti,1
bagto,1
bagtoe,1
bagtok,1
bagtong,1
bagumbayan,1
bagungon,1
baguong,1
bagusbus,1
bagwas,1
bagyat,1
bagyo,1
baha,1
bahae,1
bahag,1
bahaw,1
bahi,1
baho,1
bahoe,1
bahog,1
baid,1
bail,1
baka,1
bakae,1
bakaean,1
bakak,1
bala,1
balaan,1
balabag,1
balak,1
balaktasan,1
balandra,1
balang,1
balasubas,1
balayang,1
balbiki,1
balda,1
baldado,1
balde,1
baldosa,1
bale,1
balentayn,1
balete,1
balhin,1
bali,1
balibad,1
balighot,1
baligya,1
baliha,1
balik,1
balikad,1
balikis,1
balikutot,1
balikwa,1
balikwas,1
balila,1
balilig,1
balilin,1
balimpod,1
baling-baling,1
balingag,1
balinghoy,1
balintawak,1
balintong,1
baliog,1
balisa,1
balisbisan,1
baliskad,1
balisong,1
balit,1
balita,1
balitaw,1
balitok,1
baliw,1
baliw-baliw,1
balkon,1
balot,1
balota,1
balsamar,1
balusbus,1
balyena,1
bampir,1
bampira,1
ban-aw,1
ban-os,1
bana-bana,1
banaag,1
banaba,1
banag,1
banag-banag,1
banaw,1
banaw-banaw,1
banay-banay,1
banban,1
banbanon,1
banda,1
bandana,1
bandehado,1
bandera,1
bandi,1
bandido,1
bandili,1
bandilyo,1
bandiro,1
bando,1
bandying-bandying,1
bang-aw,1
banga,1
bangae,1
bangag,1
bangat,1
bangati,1
bangbang,1
bangdanan,1
bangday,1
bangeo,1
bangeos,1
bangga,1
banggad,1
banggira,1
banggod,1
banggoy,1
bangi,1
bangil,1
bangilad,1
bangis,1
bangka,1
bangkae,1
bangkalawag,1
bangkas,1
bangkat,1
bangkaw,1
bangkay,1
bangkil,1
bangkiling,1
bangkita,1
bangkiti,1
bangkito,1
bangko,1
bangkok,1
bangkolisan,1
bangkuilit,1
bangod,1
bangon,1
bangos,1
bangsag,1
bangto,1
bangungot,1
banhaw,1
banhay,1
banig,1
banlaw,1
banog,1
banos-banos,1
bansaeagon,1
bansag,1
banta,1
bantae,1
bantaeaan,1
bantala,1
bantaling,1
bantatai,1
bantay,1
bantili,1
banting,1
bantod,1
bantog,1
bantot,1
banueod,1
banwa,1
banyaga,1
banyo,1
banyos,1
bao,1
bao-bao,1
baoe,1
baog,1
baon,1
bapor,1
bar,1
bara,1
barabae,1
barabaw,1
baraha,1
barak,1
baraka,1
barakilan,1
barakuda,1
barandilya,1
barang,1
baranggay,1
baras,1
baras-baras,1
barat,1
baratilyo,1
barato,1
barbas,1
barbel,1
barbero,1
barbikyo,1
barbon,1
bargas,1
barikan,1
baril,1
barilis,1
barina,1
barita,1
barkilyo,1
barko,1
barlak,1
baroe,1
barong,1
barong-barong,1
barot,1
baroto,1
bartender,1
barubae,1
baryo,1
basa,1
basag,1
basbas,1
basi,1
basin,1
basiwo,1
basiyo,1
basket,1
basketbol,1
baskog,1
baslay,1
basnig,1
baso,1
basoe,1
basta,1
basta-basta,1
baston,1
bastos,1
basuk-ay,1
basuka,1
basura,1
bat,1
bat-oe,1
bata,1
bataan,1
batad,1
batak,1
batakan,1
batalan,1
batalyon,1
batan,1
batas,1
batasan,1
bataw,1
batbat,1
bati,1
bati-ano,1
batid,1
batiis,1
batik,1
batikueon,1
batil,1
batiri,1
batiya,1
bato,1
bato-bato,1
batod,1
batok,1
baton,1
batong,1
batsi,1
batsoy,1
batuta,1
batutong,1
batwan,1
batyag,1
baw,1
baw-a,1
bawae,1
bawang,1
bawang-bawang,1
bawas,1
bawi,1
bawog,1
bay-ang,1
baya,1
bayabas,1
bayad,1
bayan-bayan,1
bayang,1
bayani,1
bayanihan,1
bayaw,1
bayawas,1
baybay,1
bayente,1
bayi,1
bayi-bayi,1
bayle,1
baylo,1
baylok,1
baynte,1
bayo,1
bayod,1
bayolit,1
bayuok,1
bayuong,1
bayuyan,1
bebot,1
belen,1
bendisyon,1
bendita,1
berbo,1
berde,1
berha,1
bernakular,1
berso,1
beterano,1
beterinaryo,1
bi-bi,1
bias,1
biaw,1
biba,1
bibi,1
bibig,1
bibingka,1
bibiron,1
bibo,1
bida,1
bidyo,1
biga,1
biga-a,1
bigaon,1
bigkis,1
bigoe,1
bigoti,1
bihag,1
bihod,1
bihon,1
bika,1
bika-ka,1
bikgi,1
biki,1
bikil,1
biko,1
bikoe,1
biktima,1
biktori,1
bikukok,1
bikwaeon,1
bikwik,1
bilang,1
bilanggo,1
bilaog,1
bilas,1
bilasyon,1
bilat,1
bilbit,1
bili,1
bili-bili,1
bilibid,1
bilid,1
bilin,1
biling,1
bilis,1
bilisad-on,1
bilo,1
bilog,1
bilong-bilong,1
bilos,1
bilyante,1
bilyete,1
bilyones,1
binaeok-an,1
binangeos,1
bindunggo,1
binga,1
bingat,1
bingaw,1
binggae,1
binggit,1
bingka,1
bingkit,1
bingkong,1
binhi,1
binhod,1
binias,1
biniray,1
binit,1
binitian,1
binlod,1
bino,1
bintaha,1
bintana,1
bintilador,1
binting,1
bintoe,1
bintok,1
bintosa,1
bira,1
birang,1
birhin,1
biri-biri,1
birmuda,1
birona lang,1
birso,1
birthdey,1
birtston,1
birtud,1
bis-oe,1
bisa,1
bisaea,1
bisagra,1
bisan,1
bisaya,1
bisbol,1
bisi,1
bisiklita,1
bisin,1
bisis,1
bisita,1
biskit,1
biskwit,1
bista,1
bisti,1
bisto,1
bisugo,1
bisyo,1
bit-ana,1
bita,1
bitag,1
bitamina,1
bitas,1
bitay,1
bitbit,1
biti,1
bitik,1
bitin,1
bitlag,1
bitog,1
bitos,1
bitsin,1
bitso-bitso,1
bitu-on,1
biya,1
biyahe,1
biyaya,1
biyernes,1
biyolin,1
biyuting,1
blakbord,1
blangkit,1
blangko,1
blusil,1
bo-bo,1
boaya,1
bobin,1
bobo,1
bodiga,1
bohimyo,1
bokabok,1
bokabulari,1
bola,1
bolabod,1
bolada,1
bolador,1
bolakbol,1
bolimbod,1
boling,1
bolyum,1
bong,1
borakay,1
borda,1
boruha,1
boruka,1
bos,1
bosina,1
boti,1
botiti,1
boto,1
bowel,1
bowilta,1
bowitri,1
boy,1
boysit,1
bu-oe,1
bu-ong,1
buang,1
buas,1
buaw,1
bubog,1
bubon,1
bubon-bubon,1
bubong,1
budbud,1
buding,1
budlay,1
budol-budol,1
budyong,1
bue-o,1
bue-og,1
buea,1
bueabod,1
buead,1
bueag,1
bueak,1
bueak-bueak,1
buean,1
bueang,1
bueang-an,1
bueaw,1
bueaw-an,1
bueaw-as,1
bueawan-on,1
buebarko,1
buebue,1
bueo,1
bueo-bueo,1
bueog,1
bueogan,1
bueok,1
bueokan,1
bueolilaw,1
bueon,1
bueong,1
bueonlag,1
bueos,1
bueosangay,1
buesa,1
bueugtas,1
bueuytan,1
bug-ak,1
bug-at,1
bug-ok,1
bug-ongan,1
bug-os,1
buga,1
bugae,1
bugahod,1
bugakay,1
bugana,1
bugang,1
bugaong,1
bugas,1
bugasongan,1
bugaw,1
bugay,1
bugbug,1
bughat,1
bughaw,1
bughok,1
bugkos,1
buglit,1
bugnaw,1
bugnay,1
bugno,1
bugnot,1
bugong-bugong,1
bugos,1
bugoy,1
bugsak,1
bugsay,1
bugtaw,1
bugto,1
bugtong,1
bugtong-bato,1
buguay,1
bugyan,1
buha-ha,1
buhat,1
buhawi,1
buhay,1
buhi,1
buhin,1
buhis,1
buho,1
buhok,1
buhos,1
buk-an,1
buka,1
bukad,1
bukadkad,1
bukae,1
bukaekag,1
bukag,1
bukas,1
bukaw,1
bukay,1
bukbuk,1
bukead,1
bukeas,1
buki,1
buki-ki,1
bukid,1
bukid-non,1
bukiris,1
buko,1
bukod,1
bukoe,1
bukon,1
bukot,1
buktot,1
bukwang,1
bukya,1
bulag,1
bulagis,1
bulahan,1
bulalakaw,1
bulanglang,1
bulangog,1
buldog,1
bulgar,1
buli,1
bulid,1
bulid-bulid,1
bulig,1
bulilit,1
bulinaw,1
buling,1
bulingag,1
bulingot,1
bulkan,1
bulkit,1
bulok,1
bulong,1
bulpen,1
bulto,1
bulwang,1
bumba,1
bumbay,1
bumbilya,1
bun-ag,1
bun-i,1
bunae,1
bunak,1
bung-aw,1
bunga,1
bunga-bunga,1
bungaeangaean,1
bunggad,1
bunggo,1
bungi,1
bungkag,1
bungkat,1
bungkoe,1
bungkog,1
bungo,1
bungoe,1
bungog,1
bungot,1
bungsod,1
bunit,1
buno,1
bunok,1
bunot,1
bunsa,1
bunyag,1
buo,1
buoe,1
buog,1
buot,1
burahos,1
buringot,1
buro,1
buroe,1
burok,1
burwangga,1
bus-ak,1
busangsang,1
busawak,1
busbus,1
busdik,1
busi-si,1
busisaw,1
buskad,1
busla,1
busngae,1
busoe,1
busog,1
buswang,1
buswang new,1
buswang old,1
buta,1
butang,1
buti,1
butig,1
butkon,1
butlog,1
buto,1
butoe,1
butong,1
buy-on,1
buyagyag,1
buyayaw,1
buybuy,1
buylog,1
buyo,1
buyog,1
buyot,1
byernes,1
byuda,1
da-da,1
daan,1
daang,1
daba,1
daba-daba,1
dabdab,1
dabong,1
dae-os,1
daea,1
daeag,1
daeaga,1
daeagan,1
daeagangan,1
daeagko,1
daeagsaan,1
daeahig,1
daean,1
daeana,1
daeangin,1
daeangtay,1
daeapi,1
daeas,1
daeawat,1
daeay,1
daeayday,1
daedae,1
daehog,1
daeok,1
daeom,1
daeugdug,1
daewa,1
dag-on,1
daga,1
daga-daga,1
dagakan,1
dagami,1
dagandan,1
dagas,1
dagasanan,1
dagat,1
dagaya,1
dagit,1
dagitan,1
dagom,1
dagpa,1
dagpak,1
dagpi,1
dagsa,1
dagta,1
dagway,1
dagyaw,1
daha,1
dahan,1
dahas-dahas,1
dahi,1
dahil,1
dahog,1
dahom-dahom,1
dahon,1
dahon-dahon,1
daigon,1
daisdis,1
daka,1
dakop,1
dala,1
dalaginding,1
dalagsa-an,1
daldal,1
dali,1
dalikdik,1
dalipdip,1
dalipi,1
dalipungot,1
dalisay,1
dalit,1
dama,1
damang,1
damay,1
dameot,1
damgo,1
damhag,1
damo,1
damoe,1
damog,1
dampae,1
dampilok,1
danga-danga,1
dangae,1
dangaw,1
dangga,1
danggit,1
dangkae,1
dangkaean,1
danlog,1
danog,1
daog,1
dap-ong,1
dapaean,1
dapak,1
dapat,1
dapaw,1
dapdap,1
dapeos,1
daphag,1
dapit,1
dapit-an,1
dapitan,1
daplis,1
dapoe,1
dapog,1
daras,1
dasae,1
dasig,1
daskae,1
dasok,1
daspan,1
daster,1
dat-oe,1
dat-on,1
datag,1
dati,1
datu,1
dawa,1
dawat,1
dawi,1
day,1
daya,1
dayaw,1
dayok,1
dayon,1
dayukduk,1
dayuyon,1
daywa,1
debu,1
dekolor,1
dekuryente,1
delata,1
delikadesa,1
delikado,1
dentista,1
depende,1
desente,1
destino,1
dibosyon,1
dibuho,1
digami,1
digdig,1
dihado,1
diho,1
dikana,1
dikara,1
dikato,1
diksyunaryo,1
dikta,1
dila,1
dilag,1
dilang,1
dilap,1
dildil,1
dilig,1
diligado,1
diligiti,1
dilot,1
dimak,1
dimalas,1
dimano,1
dimot,1
dina,1
dinaean,1
dinaot,1
dingding,1
dingli,1
diperensya,1
dipikto,1
diploma,1
direkta,1
diriksyon,1
diritso,1
dis-og,1
disbintaha,1
disgusto,1
diskarga,1
diskarti,1
diskobre,1
diskompyado,1
diskurso,1
diskusyon,1
dismayo,1
dispalko,1
disposisyon,1
dispwis,1
distansya,1
disturbo,1
disyembrre,1
dit-ana,1
ditang,1
dito,1
ditoe,1
diwata,1
diya,1
do-do,1
doble,1
doktor,1
doktora,1
dokumento,1
dominggo,1
donar,1
dos,1
dose,1
dosena,1
duaw,1
duda,1
duea,1
dueas,1
dueaw,1
duedue,1
dueom,1
dueon,1
dueot,1
dueunggan,1
duga,1
dugang,1
dughan,1
dugo,1
dugos,1
duha-duha,1
duhong,1
dukeong,1
dukit,1
dukmoe,1
dukoe,1
dukot,1
duling,1
dulis,1
dulsi,1
dum-ok,1
dumaea,1
dumagit,1
dumatad,1
dumdum,1
dumga,1
dumog,1
dumot,1
dungan,1
dungaw,1
dungis,1
dungka,1
dungoe,1
dungog,1
dungok,1
dungon,1
dunsilya,1
duong,1
dupa,1
dupilok,1
duro,1
dusdus,1
dusmo,1
duso,1
dutdut,1
duyan,1
duyan-duyan,1
duylon,1
duyog,1
duyon,1
dyablo,1
dyes,1
dyos,1
ea-ea,1
ea-ga,1
eaas,1
eab-as,1
eaba,1
eaba-eaba,1
eabaab,1
eabaw,1
eabay,1
eabeab,1
eabi,1
eabo,1
eabong,1
eabot,1
eaea,1
eaeang,1
eag-id,1
eag-it,1
eag-ok,1
eagapok,1
eagari,1
eagas,1
eagatik,1
eagay,1
eagbong,1
eagda,1
eaghong,1
eagi,1
eagkit,1
eagko,1
eagnat,1
eagnaw,1
eago,1
eagpak,1
eagpok,1
eagsak,1
eagtik,1
eagting,1
eagtok,1
eagumba,1
eaguok,1
eagwayan,1
eaha,1
eahay,1
eahi,1
eahin,1
eahog,1
eain,1
eak-ang,1
eaka,1
eakad,1
eakas,1
eakaw,1
eakbang,1
eakdang,1
eaki,1
eakin-on,1
eakip,1
eakman,1
eakot,1
eaktaw,1
eaktod,1
eali,1
ealig,1
eamang,1
eamat,1
eamay,1
eambat,1
eambid,1
eambong,1
eamig,1
eamigas,1
eamon,1
eampas,1
eampos,1
eampunaya,1
ean-ag,1
eana,1
eanab,1
eanab-eanab,1
eanas,1
eandas,1
eandong,1
eang,1
eangas,1
eangaw,1
eanggam,1
eanggaw,1
eangit,1
eangka,1
eangkob,1
eangkoy,1
eangkuga,1
eangoy,1
eangsa,1
eangsi,1
eanog,1
eansang,1
eantaw,1
eantip,1
eantong,1
eaom,1
eaon,1
eaong,1
eaos,1
eapad,1
eapak,1
eapas,1
eapaw,1
eapdos,1
eapid,1
eapit,1
eapok,1
eapos,1
eapot,1
eapoy,1
eapsag,1
eapsaw,1
eapta,1
eas-ay,1
easa,1
easgas,1
easog,1
eatay,1
eatayan,1
eati,1
eaw-ag,1
eaw-ay,1
eawa,1
eawas,1
eaway,1
eawig,1
eawod,1
eaya,1
eayag,1
eaygay,1
eayog,1
eo-eo,1
eogaeog,1
eon,1
eot-a,1
eot-ang,1
escuala,1
estancia,1
euad,1
euak,1
euat,1
eub-ok,1
eubad,1
eubag,1
eubak-eubak,1
eubat,1
eubid,1
eubog,1
eubong,1
eubos,1
eubot,1
eudgod,1
eueot,1
eugad,1
eugan-eugan,1
eugaw,1
eugdang,1
eugday,1
eugos,1
eugta,1
euha,1
euhod,1
eukad,1
eukag,1
eukas,1
eukat,1
eukay,1
euknan,1
euko,1
eukot,1
euksa,1
eukso,1
eumabaw,1
eumay,1
eumeum,1
eumid,1
eumo,1
eumos,1
eumot,1
eumpat,1
eunip,1
eunod,1
eunok,1
eunot,1
eunsong,1
euok,1
euoy,1
eupad,1
eupak,1
eupi,1
eupo,1
eupo-eupo,1
eupog,1
eupok,1
eupos,1
eupsi,1
europ,1
eus-on,1
euskad,1
eusob,1
eusot,1
euspad,1
eut-an,1
euta,1
euta-euta,1
eutaw,1
eutay,1
euto,1
euwas,1
euy-a,1
euya,1
euyluy,1
euyo,1
gaato,1
gaba,1
gabi,1
gabii,1
gabinete,1
gabok,1
gabot,1
gae-om,1
gaeab,1
gaeamay,1
gaeang,1
gaeas,1
gaeok,1
gaga,1
gago,1
gahab,1
gahod,1
gahok,1
gahom,1
gali,1
galicia,1
galing,1
galingan,1
galis,1
galit,1
gamhanan,1
gamit,1
gamo,1
gamot,1
gan-it,1
gana,1
ganado,1
ganar,1
ganit,1
gansa,1
gansilyo,1
ganta,1
gaob,1
gaod,1
gaoy,1
gapos,1
garae-garae,1
garahi,1
garapon,1
gasa,1
gasgas,1
gasto,1
gata,1
gatas,1
gatong,1
gatos,1
gawang,1
gawgaw,1
gawi,1
gaya,1
gi-ok,1
giato,1
gibon,1
gid,1
gid-a,1
gidlang,1
gigil,1
gihapon,1
gihit,1
gikan,1
gilak,1
gilok,1
giltak,1
gin-ot,1
ginansya,1
ginatuan,1
ginbaliwan,1
ginhalinan,1
ginhawa,1
giniktan,1
gisa,1
gisi,1
giti,1
giya,1
goma,1
grasya,1
gripo,1
grupo,1
guadalupe,1
guapa,1
guapo,1
guba,1
gudgud,1
gueang,1
gueos,1
guhit,1
gul-it,1
gulaman,1
gulpi,1
gumankon,1
gunaw,1
gunggung,1
guni-guni,1
gunit,1
gunot,1
gurami,1
guro,1
guroe-guroe,1
gusto,1
gutab,1
gutaw,1
gutok,1
gutom,1
guwa,1
guyod,1
guyom,1
gwangko,1
gwapa,1
gwapo,1
ha,1
habae,1
habagat,1
habana,1
habhab,1
habla,1
haboe,1
habok,1
haboy,1
hadhad,1
hadlok,1
hae-o,1
haead,1
haeakhak,1
haeang,1
haeangdon,1
haeas,1
haega,1
haehae,1
haeo,1
haeok,1
haeong,1
haeos,1
haeot,1
hagad,1
hagae,1
hagak,1
hagan-hagan,1
hagdan,1
hagnoe,1
hagong,1
hakat,1
hakeop,1
hakid,1
hakmae,1
hakoe,1
hakog,1
hakop,1
hakos,1
hakot,1
hakwat,1
hala,1
halas,1
halimonon,1
halimtang,1
halin,1
haling,1
halit,1
halo,1
ham-an,1
ham-og,1
hamak,1
hambae,1
hambog,1
hampak,1
hampang,1
hamtak,1
hamtang,1
hamuok,1
hamuot,1
handom,1
handong,1
hangad,1
hangae,1
hangin,1
hanginon,1
hangit,1
hangos,1
haning,1
hanlod,1
hantong,1
hantop,1
hanugot,1
hanungod,1
haom,1
hapa,1
hapay,1
hapdi,1
hapdos,1
hapin,1
hapit,1
haplit,1
hapo,1
hapon,1
hapon-an,1
hapuhap,1
hara,1
haras-haras,1
haro,1
haron,1
hasang,1
haslo,1
hasta,1
hatag,1
hato,1
hatod,1
hatoe,1
haw-as,1
hawa,1
hawag,1
hawak,1
hawan,1
hawid,1
hawla,1
hawod,1
hay,1
hayag,1
hayahay,1
hayo,1
hayop,1
hibayag,1
hibi,1
hibo,1
hidait,1
hidlaw,1
higko,1
higop,1
higot,1
higugma,1
hikaw,1
hikdo,1
hila,1
hilab,1
hilak,1
hilam-os,1
hilamon,1
hilaw,1
hilay,1
hilba,1
hilig,1
hilit,1
hilo,1
hilong,1
hilot,1
hilway,1
him-ong,1
himayang,1
himo,1
himok,1
himos,1
himpit,1
himtang,1
himueat,1
himunong,1
hin-aga,1
hin-uno,1
hina,1
hinaki,1
hinakit,1
hinay,1
hinduna,1
hinigugma,1
hining-hining,1
hinuesoe,1
hinugay,1
hinukeogon,1
hinyo,1
hiod,1
hipag,1
hipig,1
hipon,1
hipos,1
hisa,1
hita,1
hito,1
hitsura,1
hiwi,1
hiyom-hiyom,1
ho,1
hoe,1
horma,1
hoy,1
hubad,1
hubas,1
hudlot,1
hue-ab,1
hueag,1
hueagok,1
hueam,1
hueas,1
hueat,1
hueaw,1
hueay,1
hueog,1
hueong,1
hueoy,1
hugas,1
hugod,1
hugom,1
hugong-hugong,1
hugot,1
hugyaw,1
hukoe,1
hulid,1
hulikap,1
hulyo,1
human,1
humarap,1
humay,1
humbak,1
humok,1
humot,1
huna-huna,1
hunas,1
hungit,1
hungoton,1
huni,1
hunos,1
hunos-hunos,1
hunyo,1
huo,1
huros,1
husgar,1
hushus,1
huslog,1
husto,1
hutik,1
huy-ab,1
huya,1
huyang,1
huyap,1
huyaw-huyaw,1
huyong,1
huyop,1
hwebes,1
iba,1
ibabaw,1
ibajay,1
ibaw,1
ibilin,1
ibis,1
ibog,1
ibos,1
ibot,1
idaeom,1
idlap,1
idto,1
igat,1
igbata,1
igit,1
igmanghod,1
ignorante,1
igo,1
igot,1
igpit,1
igsuon,1
igto,1
ihapon,1
ihaw,1
ihi,1
ik-ik,1
ikat,1
ikaw,1
ikit,1
ikog,1
ikot,1
ila,1
ilabas,1
ilawod,1
ilaya,1
ilig,1
ilih-an,1
ilis,1
ilo,1
ilog,1
ilos,1
ilukon,1
imaw,1
imbaw,1
imbis,1
imna,1
imo,1
imon,1
imot,1
impas,1
imperdible,1
impon,1
ina,1
ina-ina,1
inakeanon,1
inday,1
indi,1
indong-indong,1
ingit,1
ingkoy,1
ingsakto,1
init,1
inog-turo,1
inom,1
inot,1
insik,1
insulto,1
intok,1
intra,1
inttrigar,1
inyo,1
ipil,1
iping,1
ipot,1
irigasyon,1
isaea,1
isda,1
isdog,1
isip,1
iskala,1
ismagold,1
isoe,1
isog,1
isot,1
istanbay,1
iswag,1
it,1
itik,1
itip,1
itlog,1
itot,1
itum,1
iwag,1
iwang,1
iway,1
iwi,1
iwik,1
iyot,1
ka,1
kaang,1
kaano,1
kab-it,1
kabaean,1
kabang,1
kabangahan,1
kabangila,1
kabaong,1
kabatanga,1
kabatas,1
kabay,1
kabayogan,1
kabi,1
kabig,1
kabii,1
kabilawan,1
kabilya,1
kabit,1
kablit,1
kabog,1
kabogwason,1
kabos,1
kabugaw,1
kada,1
kadlit,1
kaeag,1
kaeam,1
kaeamay,1
kaean-an,1
kaeas,1
kaeaskas,1
kaeat,1
kaeayo,1
kaeo,1
kaeot,1
kaeunggo,1
kagat,1
kaha,1
kahapon,1
kahati,1
kahig,1
kahil,1
kahilo,1
kahita,1
kahkah,1
kahon,1
kahoy,1
kaina,1
kaing,1
kaingin,1
kaingod,1
kaiyang,1
kalakabayan,1
kalamkan,1
kalampay,1
kalamunggay,1
kalan,1
kalantiaw,1
kalawat,1
kalbaryo,1
kalbo,1
kaldo,1
kalhit,1
kalibo,1
kalidad,1
kalikugan,1
kalimutaw,1
kama,1
kamang,1
kambyo,1
kami,1
kamo,1
kamoe,1
kampi,1
kampod,1
kan-on,1
kana,1
kanae,1
kanding,1
kangay,1
kanto,1
kanugon,1
kanunuot,1
kanyo,1
kaon,1
kapasidad,1
kapataga,1
kapin,1
kapos,1
kapri,1
kapyot,1
kara,1
karaya,1
karga,1
karne,1
karon,1
kasa,1
kasae,1
kasilyas,1
kasing-kasing,1
kasit-an,1
kaso,1
katiklan,1
katlan,1
kato,1
katoe,1
katorse,1
katsuri,1
kaw-it,1
kawhat,1
kay,1
kayog,1
ki-ki,1
kibig,1
kiboe,1
kibot,1
kidkid,1
kiha,1
kihad,1
kilaea,1
kilat,1
kilaw,1
kili-kili,1
kiling-kiling,1
kimo,1
kimpit,1
king,1
kingking,1
kinilaw,1
kinyo,1
kipot,1
kiri,1
kisaw-kisaw,1
kita,1
kitang,1
kitid,1
kiyaw,1
ko,1
kodigo,1
kolikot,1
kon,1
ku,1
kuan,1
kueob,1
kueon,1
kugan,1
kugita,1
kugon,1
kuhit,1
kuku,1
kulintas,1
kulis,1
kulot,1
kumaingking,1
kumpay,1
kundi,1
kung,1
kuno,1
kunta,1
kupas,1
kupit,1
kupkup,1
kuring,1
kurit,1
kusi,1
kusog,1
kutak-kutak,1
kutana,1
kutib,1
kutkut,1
kuto,1
kuyap,1
kuyog,1
kuyog-an,1
lababo,1
labakara,1
lag-it,1
lagaw,1
lahi,1
laklak,1
lalab,1
landi,1
lango-lango,1
lapad,1
larga,1
latik,1
lawlaw,1
liad,1
libag,1
libak,1
libakaw,1
libanaw,1
libang,1
libat,1
libo,1
libod,1
libog,1
libot,1
libre,1
libtong,1
libunog,1
lig-on,1
ligbos,1
ligid,1
ligis,1
ligos,1
ligoy,1
ligtas,1
ligwan,1
lihay,1
lihog,1
likaw,1
liko,1
likod,1
lima,1
limad,1
limas,1
limbok,1
limog,1
limpyo,1
linaw,1
linga-linga,1
lingaw,1
lingi,1
lingling,1
linog,1
linong,1
linti,1
linya,1
liog,1
lipat,1
lipay,1
liwan,1
lugaw,1
madla,1
maea,1
maeukong,1
mahae,1
mahaea,1
makana,1
makara,1
makaron,1
makon,1
malang,1
mali,1
malibunog,1
maligno,1
malipueon,1
malit,1
maloko,1
mama,1
man,1
man-ay,1
man-o,1
mana,1
manang,1
mandar,1
mango,1
mangtas,1
manhod,1
manibela,1
manok,1
mansa,1
mantaw,1
manto,1
manyak,1
maong,1
maraguso,1
maria cristina,1
marot,1
mas-ot,1
masigin,1
masyado,1
mat-a,1
mata,1
mata-mata,1
maton,1
matsa,1
mauno,1
maw,1
may,1
mingaw,1
mingko,1
minuro,1
miron,1
mo,1
muhmuh,1
mustasa,1
na-no,1
nabaw,1
nakon,1
namnam,1
namon,1
nana,1
nanday,1
nato,1
naton,1
nga,1
ngaean,1
ngaengae,1
nganga,1
ngani,1
ngaron,1
ngato,1
ngilo,1
ngipon,1
ngisngis,1
ngusngus,1
nguynguy,1
ni,1
nimo,1
nipa,1
nipis,1
niwang,1
niyog,1
nunok,1
oba,1
obligar,1
obra,1
obus,1
ogaling,1
oktubre,1
olitawo,1
onse,1
opa,1
operar,1
oto-oto,1
otsenta,1
otso,1
owa,1
pa,1
pa-a,1
pa-it,1
pa-pa,1
paaman,1
pabo,1
pabukot,1
padaman,1
padayon,1
paeagiw,1
paeay,1
paeo,1
paeong,1
pagatpat,1
pagbo,1
paghid,1
pagi,1
pagot,1
pagutput,1
pahuway,1
pakot,1
pakpak,1
palid,1
pamahaw,1
pana,1
panamkon,1
panaw,1
panga,1
panganay,1
panganod,1
pangdan,1
paon,1
parakoe,1
paraw,1
pasikat,1
paspas,1
patay,1
patay-patay,1
pati,1
patik,1
patis,1
pawikan,1
pihak,1
pihak-an,1
pikit,1
piko,1
pikpik,1
pila,1
pilak,1
pilak-an,1
pili,1
pilian,1
pililian,1
pilit,1
pilo,1
pintas,1
pisik,1
piso,1
pitak,1
pitik,1
pito,1
po-po,1
protesta,1
protestante,1
prowa,1
proyekto,1
prutas,1
puas,1
puea,1
pueaw,1
pueo,1
pueot,1
puga,1
pugad,1
pukan,1
pukaw,1
pukpuk,1
puling,1
punay,1
punga-punga,1
pungpung,1
puno,1
punta,1
puslit,1
puso,1
pusod,1
puti,1
puto,1
putoe,1
putot,1
putput,1
puyo,1
pwede,1
pwera,1
pwersa,1
pwerta,1
pwesto,1
pyesas,1
ra,1
raang,1
rabanos,1
rabil,1
radar,1
radya,1
radyo,1
radyopono,1
ragid,1
raket,1
rakit,1
ramaag,1
rambutan,1
rami,1
ramilad,1
ramos,1
rana,1
rang,1
rangko,1
ranha,1
ransyo,1
rantso,1
rapols,1
rason,1
raspa,1
raspador,1
rasyon,1
ratan,1
rato,1
raton,1
raya,1
raya-raya,1
rayna,1
rayon,1
rayos,1
rayuma,1
rebolusyon,1
rebulber,1
regador,1
regalo,1
regular,1
rehas,1
rekomendar,1
relihiyon,1
relo,1
relos,1
renda,1
renta,1
rep,1
reperensya,1
report,1
representar,1
repridyerator,1
repuluo,1
resibo,1
retrato,1
ribok,1
ribon,1
ribulto,1
rigla,1
rikado,1
rikana,1
rikanha,1
rikara,1
rikaron,1
rikato,1
riklamo,1
rilasyon,1
rilis,1
rima,1
rimati,1
rimatsado,1
rimatsi,1
rimedyo,1
rimotkontrol,1
rimudas,1
rina,1
ring,1
rinha,1
ripa,1
ripir,1
ripli,1
risgo,1
risponsabilidad,1
risponsabli,1
ristawran,1
ritaso,1
rito,1
rivera,1
riya,1
rizal,1
ro,1
roho,1
roma,1
romero,1
ron,1
rondalya,1
rondana,1
rondanha,1
rondato,1
rondaya,1
ronduyon,1
rong,1
rosa,1
rosal,1
rosario,1
rosarito,1
rosaryo,1
rosya,1
rubi,1
rugto,1
rugya,1
ruler,1
rulyo,1
rumbo,1
rumbo-rumbo,1
runa,1
rupiro,1
ruta,1
ruyon,1
sa,1
sa-sa,1
saa,1
saang,1
sab-a,1
sab-an,1
sab-it,1
sabad,1
sabadista,1
sabado,1
sabak,1
sabat,1
sabaw,1
sabay,1
sabeay,1
sabilan,1
sabli,1
sabod,1
sabon,1
sabong,1
sabot,1
sabsab,1
sabunot,1
sabwag,1
sad-an,1
sad-ang,1
sadsad,1
sadsaran,1
sadsaron,1
sadya,1
sae-ot,1
saea,1
saeabay,1
saead,1
saeag,1
saeagunting,1
saeakay,1
saeakot,1
saeama,1
saeamat,1
saeaming,1
saeampakan,1
saeampati,1
saeanhon,1
saeanigo,1
saeap,1
saeapang,1
saeapid,1
saeapo,1
saeatan,1
saeawig,1
saeayo,1
saeo,1
saeo-saeo,1
saeod,1
saeog,1
saeok,1
saeom,1
saeong,1
saeop,1
saeot,1
saesae,1
saeuso,1
saewae,1
sag-a,1
sag-ob,1
sag-on,1
sag-uli,1
sag-uton,1
saga,1
saga-sa,1
sagabak,1
sagabay,1
sagala,1
sagang,1
sagap,1
sagbot,1
saghid,1
sagibin,1
sagilong,1
saging,1
saging-saging,1
saginod,1
sagip,1
sagmaw,1
sagmok,1
sagna,1
sago,1
sagod,1
sagpot,1
sagrada,1
sagrado,1
sagudsud,1
sagyad,1
saha,1
sahog,1
saing,1
saka,1
sakada,1
sakae,1
sakang,1
sakat,1
sakay,1
sakbay,1
sakdag,1
sakdat,1
sakit,1
sakmae,1
sako,1
sakop,1
sakoy,1
sakripisyo,1
saksak,1
saksi,1
sal-i,1
sal-ing,1
sala,1
salampati,1
salapi,1
salas,1
salbabida,1
salbar,1
salibo,1
salibutbut,1
salidsid,1
salig,1
salihan,1
salikag,1
saliko,1
saliksik,1
salikwaot,1
salim-ok,1
salimbabatang,1
salimbad,1
salimpapaw,1
salimuang,1
salimunog,1
salin,1
salindron,1
saling-abo,1
salingsing,1
salinueang,1
saliping,1
salipod,1
salipsipan,1
salira,1
salirap,1
saliwakag,1
salmon,1
saludar,1
saludo,1
salukot,1
salupin,1
samad,1
samak,1
samay,1
samba,1
sambalas,1
sambato,1
sambayon,1
sambilog,1
sambit,1
samboe,1
samit,1
sampae,1
sampaeang,1
sampagita,1
sampaliya,1
sampalok,1
sampaton,1
sampaw,1
sampay,1
sampi,1
sampit,1
sampok,1
sampot,1
san dimas,1
san isidro,1
san jose,1
san ramon,1
san roque,1
san viray,1
sanaaw,1
sanda,1
sandad,1
sandalyas,1
sanday,1
sandiay,1
sandig,1
sandok,1
sandugo,1
sanduko,1
sang,1
sang-at,1
sang-ayon,1
sanga,1
sangag,1
sangangat,1
sangay,1
sangdo,1
sangead,1
sangga,1
sanggot,1
sanghid,1
sangit,1
sangka,1
sangkad,1
sangkae,1
sangkap,1
sangkiri,1
sangkiriti,1
sangkis,1
sangkoe,1
sangkurot,1
sangla,1
sanglit,1
sangsang,1
sangya,1
sanib,1
sanla,1
sanlag,1
sanong,1
sanpedro,1
sanplawir,1
sansa,1
sansyapi,1
santa,1
santa cruz,1
santa cruz-biga-a,1
santan,1
santandir,1
santik,1
santisima,1
santisimo,1
santo,1
santoe,1
santos,1
sanyog,1
saog,1
saot,1
sapa,1
sapae,1
sapak,1
sapat,1
sapatos,1
sapay,1
sapding,1
sapea,1
sapi-sapi,1
sapilo,1
sapin,1
sapnay,1
sapngae,1
sapoe,1
sapon-sapon,1
sapsap,1
sapupo,1
saputi,1
sapwan,1
sara,1
sarang,1
saranggula,1
sardinas,1
sari-sari,1
saroe,1
sarok,1
sarsa,1
sarswila,1
sarsyado,1
sartin,1
sasa,1
sastri,1
satanas,1
sato,1
satsat,1
saueo,1
saueog,1
sawa,1
sawa-sawa,1
sawad,1
sawali,1
saway,1
sawsaw,1
say,1
saya,1
sayal,1
sayasat,1
sayaw,1
saydwok,1
saylak,1
saylo,1
sayod,1
sayonara,1
sayop,1
says,1
saysay,1
saysinta,1
sayuti,1
seksi,1
selebrar,1
selyo,1
sementeryo,1
semento,1
sentir,1
sentro,1
septyembre,1
serbesa,1
serbisyo,1
sesyon,1
setenta,1
setyembre,1
si,1
si-ag,1
si-si,1
siad,1
siba,1
sibaliw,1
sibasib,1
sibat,1
sibin,1
sibit,1
sibo,1
sibot,1
sibra,1
sibsib,1
sibuyas,1
sid-ing,1
sid-o,1
sida,1
sidlak,1
sidlang,1
sig-ang,1
siga,1
sigad,1
sigang,1
sigarilyo,1
sigay,1
sigbin,1
sigbong,1
sige,1
sigin,1
sigkay,1
sigla,1
siglak-siglak,1
siglap,1
sigo,1
sigurado,1
siguro,1
sigwil,1
sigwilas,1
siha,1
siin,1
siit,1
sik,1
sika-sika,1
sikad,1
sikaeom,1
sikap,1
sikapat,1
sikat,1
sikdo,1
sikdoe,1
sikeat,1
sikeob,1
siki,1
siknan,1
siko,1
sikoan,1
sikoe,1
sikolati,1
sikop,1
sikoy,1
sikpaw,1
sikrita,1
sikritarya,1
sikritaryo,1
sikrito,1
siksik,1
sikwaeo,1
sikway,1
sil-ot,1
silaba,1
silag,1
silak,1
silakat nunok,1
silangan,1
silapo,1
silaw,1
silhig,1
sili,1
silindron,1
silip,1
siliri,1
silit,1
siliw,1
silok,1
silong,1
silot,1
silya,1
silyon,1
sim,1
sima,1
simba,1
simbog,1
simuyaw,1
simyento,1
sin-it,1
sin-o,1
sinadakwae,1
sinador,1
sinaeayo,1
sinamak,1
sinamon,1
sindi,1
sindikato,1
sine,1
sing,1
singa-singa,1
singay,1
singgaeong,1
singgit,1
singgular,1
singhan,1
singhot,1
singit,1
singkae,1
singkamas,1
singki,1
singkit,1
singko,1
singkob,1
singkoy,1
singkwenta,1
singsing,1
sinilas,1
sinipa,1
sinisa,1
sinla,1
sino,1
sinsil,1
sinsilyo,1
sinsiro,1
sinta,1
sintimo,1
sintinsya,1
sinto-sinto,1
sintoris,1
sinubong,1
siod,1
sioe,1
sip-on,1
sipa,1
sipak,1
sipan,1
sipeak,1
sipi,1
sipilis,1
sipilyo,1
siping,1
sipir,1
sipit,1
sipkod,1
sipnga,1
sipong,1
sipot,1
sipsip,1
sir,1
sira,1
siralis,1
sirbi,1
sirbiti,1
sirigwila,1
sirina,1
sirko,1
sirmon,1
siro,1
siroe,1
sirom,1
sisi,1
siso,1
sita,1
sitar,1
sitaw,1
siti,1
sitiparis,1
sitisin,1
sitsit,1
sitwasyon,1
sityo,1
siya,1
siyagit,1
siyak,1
siyam,1
siyaw,1
siyudad,1
skipingrop,1
skol,1
skolar,1
skolarsip,1
skrab,1
skrabol,1
slang,1
smagol,1
snayper,1
so-so,1
sobra,1
sobre,1
sokolati,1
soldado,1
solido,1
soliras,1
solo,1
soltera,1
soltero,1
solungpas,1
sombrero,1
son,1
sona,1
sonata,1
sondaeo,1
sora,1
sorbete,1
soriso,1
soso,1
sota,1
sotana,1
sponsor,1
spring,1
spuksib,1
starapol,1
startir,1
strobiri,1
su,1
suay,1
sub-ong,1
suba,1
subang,1
subat,1
subay,1
subeak,1
subeang,1
subli,1
submarino,1
subo,1
suboe,1
subok,1
subong,1
subsub,1
sudlay,1
sudsud,1
sue-an,1
sue-ob,1
sue-ok,1
suea,1
sueab,1
sueabya,1
sueaeob,1
sueang,1
sueat,1
sueay,1
sueay-sueay,1
suebo,1
suebohan,1
sueo,1
sueod,1
sueog,1
sueok,1
sueok-sueokan,1
sueong,1
sueopaktop,1
suesue,1
sug-ot,1
suga,1
sugae,1
sugaepot,1
sugakod,1
sugba,1
sugbo,1
sugbuanon,1
sugid,1
sugma,1
sugnod,1
sugo,1
sugod,1
sugot,1
sugpo,1
sugpon,1
suhi,1
suhoe,1
suhong,1
suhot,1
suka,1
sukat,1
sukdip,1
sukdoe,1
sukgay,1
suki,1
sukmod,1
sukna,1
sukob,1
sukod,1
sukoe,1
sukot,1
suksuk,1
sulda,1
suli,1
suliga,1
sulip,1
sulirap,1
sulong,1
sum-od,1
sum-oe,1
suma,1
suman,1
suman-suman,1
sumbaeang,1
sumbaki,1
sumbil,1
sumbiling,1
sumpa,1
sumpay,1
sumpit,1
sumpo,1
sumpong,1
sumsuman,1
sumwan,1
sun-ad,1
suna,1
sunaid,1
sunanto,1
sundae,1
sundang,1
sundo,1
sundot,1
sunga,1
sungad,1
sungat,1
sungaw,1
sungay,1
sunggab,1
sunggo,1
sunggod,1
sungi,1
sungil,1
sungit,1
sungka,1
sungka-an,1
sungkit,1
sungkod,1
sungkoe,1
sungkolan,1
sungo,1
sungsung,1
sungwan,1
sunlog,1
suno,1
sunod,1
sunog,1
sunsun,1
suntok,1
suod,1
suon,1
suop,1
supa,1
supae,1
supang,1
supil,1
supit,1
suplada,1
suplado,1
supo,1
supoe,1
supog,1
supok,1
supot,1
supsup,1
sur,1
surib,1
sus,1
susmaryosep,1
sutil,1
sutsut,1
suwa,1
suwat,1
suy-aw,1
suyod,1
suyop,1
swabi,1
swapang,1
swerte,1
swildo,1
switik,1
swits,1
syapol,1
syatgan,1
syempre,1
syento,1
syete,1
syoki,1
syopaw,1
syotsyot,1
syudad,1
ta,1
ta-on,1
ta-ta,1
taan,1
taas,1
tab-ang,1
taba,1
tabaaw,1
tabag,1
tabagak,1
tabak,1
tabako,1
taban,1
tabang,1
tabangka,1
tabangungo,1
tabas,1
tabaw,1
tabayon,1
tabhog,1
tabi,1
tabid,1
tabig,1
tabigi,1
tabilis,1
tabing,1
tabla,1
tablon,1
tabo,1
tabog,1
tabok,1
tabon,1
tabtab,1
tabtaban,1
tabuebog,1
tabukaw,1
tabuli,1
tabungos,1
tabyog,1
tabyos,1
tadlong,1
tadlos,1
tadtad,1
tadyaw,1
tae-as,1
taea-taea,1
taeab,1
taeaba,1
taeabong,1
taeagbasan,1
taeagsa,1
taeakid,1
taealimhanon,1
taeamata,1
taeamdan,1
taeang,1
taeas,1
taeastas,1
taeaw,1
taeawis,1
taebo,1
taeo,1
taeom,1
taeon,1
taeong,1
taeopangod,1
taetae,1
taeudtud,1
taeuto,1
taeutog,1
tag-ana,1
tag-iya,1
tag-od,1
tag-on,1
tag-usip,1
taga,1
tagabang,1
tagaeog,1
tagak,1
tagam,1
tagana,1
tagarurok,1
tagas,1
tagasaw,1
tagay,1
tagbaeay,1
tagbalay,1
tagbas,1
tagbaya,1
tagbong,1
tagburokad,1
tagdok,1
tageawas,1
taghangin,1
tagik,1
tagimata,1
taginting,1
tagipuso-on,1
tagkis,1
tagkos,1
tagnanam,1
tagnong,1
tago,1
tago-to,1
tagob,1
tagobilin,1
tagohayag,1
tagok,1
tagom,1
tagon,1
tagosilangan,1
tagpi,1
tagsik,1
tagsing,1
tagudtud,1
tagumpaaw,1
tagungtung,1
tagwati-an,1
tagwatihot,1
taha,1
tahae,1
tahang,1
tahap,1
tahaw,1
tahi,1
tahiras,1
taho,1
tahod,1
tahong,1
tahop,1
tahor,1
tahoy,1
tahum,1
tahuri,1
tai,1
taka,1
takab,1
takae,1
takang,1
takas,1
takaw,1
takba,1
takdog,1
takeob,1
takeong,1
takeos,1
takna,1
tako,1
takod,1
takop,1
takos,1
taksay,1
taksi,1
taktak,1
taktika,1
takuri,1
takurong,1
takway,1
tal-it,1
talangban,1
talapya,1
talas,1
talibag,1
talibas,1
talibong,1
talig-ab,1
talig-talig,1
taliki,1
talikod,1
talimad-on,1
talimagaw,1
talimaskog,1
talimbabaga,1
talimugtong,1
talin,1
talingi,1
talingyas,1
talinom,1
talirong,1
talisay,1
talisayon,1
talithi,1
taliwan,1
taliwis,1
talon,1
tam-is,1
tam-o,1
tama,1
tamad,1
tamad-tamad,1
tamaeonon,1
tamalagon,1
taman,1
tamaraw,1
tamasok,1
tambae,1
tambag,1
tambak,1
tamban,1
tambasakan,1
tambaw,1
tambi,1
tambibidli,1
tambing,1
tambis,1
tambo,1
tambo-an,1
tambobo,1
tamboe,1
tambok,1
tambon,1
tambong,1
tambubuto,1
tambubuyog,1
tamburong,1
tambutso,1
tami,1
tamilok,1
taming,1
tamlay,1
tamod,1
tamokoe,1
tampa,1
tampaling,1
tampapaw,1
tampi,1
tampil,1
tampipi,1
tampoe,1
tampok,1
tamsak,1
tamsik,1
tamsok,1
tamyaw,1
tan-ag,1
tan-aw,1
tanan,1
tanangaw,1
tanda,1
tando-tando,1
tandok,1
tandos,1
tang,1
tanga,1
tangag,1
tangalan,1
tangbis,1
tangbo,1
tangda,1
tangday,1
tangead,1
tanggae,1
tanggi,1
tanggo,1
tangigi,1
tangil,1
tangili,1
tangis,1
tangkae,1
tangkas,1
tangki,1
tangkob,1
tangkong,1
tangkugo,1
tangkuka,1
tango,1
tangod,1
tangpa,1
tangpa-an,1
tangpad,1
tangpanan,1
tangso,1
tangtang,1
tangway,1
tanhaga,1
taning,1
tanom,1
tansa,1
tansan,1
tantan,1
tantuing,1
tanyag,1
tao,1
taob,1
taod,1
taon,1
tapa,1
tapak,1
tapaludo,1
tapan,1
tapas,1
tapat,1
tapay,1
tapdos,1
tapi,1
tapik,1
tapikan,1
taplik,1
tapna,1
tapoe,1
tapok,1
tapon,1
tapos,1
tapu-tapu,1
tapukae,1
tapungoe,1
tara-tara,1
tarak,1
taranta,1
tarik,1
taroe,1
tarong,1
taroytoy,1
tarsan,1
tarso,1
tasa,1
tasik,1
taslaw,1
taslit,1
tastas,1
tata,1
tatap,1
tatapae-o,1
tatay,1
tatlo,1
tato,1
tatsing,1
tawad,1
tawag,1
tawas,1
tawaya,1
tawgi,1
tawhay,1
tawo,1
tawtaw,1
taya,1
tayabas,1
tayhawan,1
tayhop,1
tayog,1
tayok-tayok,1
tayon,1
tayp,1
tayubo,1
tayubong,1
tayuyo,1
teksto,1
tela,1
telegrama,1
telepono,1
templa,1
templo,1
temprano,1
tenedor,1
tener,1
tentar,1
tenyente,1
termometer,1
termos,1
ternera,1
terno,1
tesorero,1
testigo,1
ti-ti,1
tiaw,1
tib-ong,1
tibaba,1
tibawas,1
tibay,1
tibayawan,1
tibi,1
tibo-tibo,1
tibod,1
tibok,1
tibong,1
tibusok,1
tibyaw,1
tibyog,1
tidli,1
tig-a,1
tig-ang,1
tiga,1
tigawnan,1
tigay,1
tigaylo,1
tigayon,1
tigbas,1
tigbaw,1
tigbawan,1
tighad,1
tigi,1
tigib,1
tigidig,1
tigis,1
tigo,1
tigom,1
tigpalas,1
tigpo,1
tigpod,1
tigre,1
tigul-it,1
tigulang,1
tigwatihot,1
tihiras,1
tihoe,1
tihoe-tihoe,1
tiid,1
tiis,1
tika,1
tikang,1
tikaroe,1
tikasog,1
tikbalang,1
tikbo,1
tikeod,1
tikeon,1
tiket,1
tikha,1
tiki,1
tiki-tiki,1
tikig,1
tiklis,1
tiko,1
tikop,1
tiksas,1
tiksiw,1
tiktik,1
tikwang,1
tikwaog,1
tikwas,1
tikwi,1
til-i,1
tilad,1
tilad-tilad,1
tilaok,1
tildi,1
tilik,1
tilog,1
tiltil,1
timaeos,1
timba,1
timbabaras,1
timban,1
timbang,1
timbre,1
timbrera,1
timbuok,1
timgas,1
timo,1
timo-timo,1
timod,1
timog,1
timon,1
timos-timos,1
timpa,1
timpayod,1
timsog,1
tin-ad,1
tin-aw,1
tina,1
tinapa,1
tinapay,1
tinapway,1
tinda,1
tinday,1
tindog,1
tinga,1
tingadlaw,1
tingaea,1
tingga,1
tinggas,1
tinggil,1
tingha,1
tinghoy,1
tingig,1
tingkaya,1
tingko,1
tingoy-tingoy,1
tingting,1
tinguean,1
tinguha,1
tinigaw,1
tinigaw-manabayan,1
tinigaw-mobo,1
tinlag,1
tinlo,1
tino-tino,1
tinong,1
tinta,1
tinuea,1
tinuongan,1
tipak,1
tipapae-o,1
tipeang,1
tipid,1
tipig,1
tipik,1
tipli,1
tipo,1
tipon,1
tipos,1
tira,1
tiranti,1
tirko,1
tirmas,1
tirok,1
tirso,1
tis,1
tisa,1
tisiko,1
tisod,1
tita,1
titi,1
titiris,1
tito,1
titsir,1
titulo,1
tiurok,1
tiwis,1
tiwtiw,1
tiya,1
tiyan,1
tiyanan,1
to,1
toga,1
tokar,1
tokiba,1
toledo,1
tolihaw,1
tomar,1
tombaga,1
tong,1
tonik,1
tonilada,1
tonton,1
toralba,1
tornilyo,1
toro,1
torpido,1
torsi,1
torumpo,1
tos,1
toto,1
towalya,1
trabaho,1
trabisiya,1
trak,1
traktora,1
trambya,1
trangka,1
trangkaso,1
transistor,1
trapo,1
trato,1
trayenta,1
traysikol,1
trayskwer,1
tren,1
trening,1
tres,1
trese,1
tresurer,1
trianggula,1
trianggulo,1
troadlaw,1
trono,1
trubinays,1
trumpa,1
trumpo,1
tsa,1
tsaliko,1
tsans,1
tsansa,1
tsansing,1
tsapa,1
tsariti,1
tsatsa,1
tsek,1
tsek-ap,1
tseki,1
tsens,1
tsiko,1
tsina,1
tsip,1
tsismis,1
tsit,1
tsitsaron,1
tsitsiriyas,1
tsokolate,1
tsonggo,1
tsuper,1
tuak,1
tub-ok,1
tuba,1
tubas,1
tubeag,1
tubi,1
tubiganan,1
tubo,1
tuboan,1
tubod,1
tuboe,1
tubos,1
tubtub,1
tudas,1
tudlo,1
tudlotdatu,1
tudo,1
tue-an,1
tue-og,1
tuea,1
tuead,1
tueanga,1
tueangkod,1
tueay,1
tueo,1
tueoeagay,1
tueog,1
tueogtog,1
tueogyan,1
tueok,1
tueon,1
tueop,1
tueos,1
tueot,1
tueoy,1
tuetog,1
tuetue,1
tueun-an,1
tug-an,1
tug-on,1
tuga,1
tuga-tuga,1
tugak,1
tugas,1
tugbong,1
tugday,1
tughong,1
tugis,1
tugma,1
tugnaw,1
tugon,1
tugop,1
tugot,1
tugpa,1
tugpo,1
tugtug,1
tugyan,1
tuhob,1
tuhod,1
tuhog,1
tuhok,1
tuhop,1
tuid,1
tuig,1
tuip,1
tuka,1
tukad,1
tukar,1
tukas,1
tukboe,1
tukeang,1
tuki,1
tukib,1
tukmo,1
tuko,1
tukob,1
tukod,1
tukon,1
tukso,1
tuktoruok,1
tuktuk,1
tul-ang,1
tulay,1
tulaylay,1
tuli,1
tulin,1
tuling,1
tulingan,1
tulis,1
tulisan,1
tuloy,1
tum-oy,1
tumag,1
tumagis,1
tumagring,1
tuman,1
tumandok,1
tumba,1
tumba-tumba,1
tumbapatis,1
tumbapriso,1
tumbas,1
tumbaya,1
tumbok,1
tumo,1
tumok,1
tumor,1
tumoy,1
tumpi,1
tumpok,1
tumuak,1
tumunong,1
tun-og,1
tuna,1
tunaw,1
tunay,1
tundog,1
tunga,1
tungaw,1
tungaw-tungaw,1
tunggay,1
tunghoe,1
tungkad,1
tungko,1
tungkoe,1
tungod,1
tungog,1
tungtung,1
tuno,1
tunod,1
tunog,1
tunong,1
tunyagi,1
tunyo-tunyo,1
tuo,1
tuob,1
tuod,1
tuom,1
tuon,1
tupad,1
tupas,1
tupay,1
tupea,1
tupod,1
tupong,1
tuptup,1
turban,1
turista,1
turko,1
turo,1
turoadlaw,1
turos,1
turpe,1
tus-on,1
tusik,1
tusino,1
tusli,1
tuslok,1
tusmog,1
tuso,1
tustus,1
tutal,1
tutom,1
tutot,1
tutoy,1
tutunlan,1
tuwad,1
tuwang,1
tuwarog,1
tuway,1
tuy-od,1
tuya-tuya,1
tuyang,1
tuyo,1
tuyom,1
tuytuy,1
twerka,1
tyempo,1
uang,1
uban,1
ubi,1
ubod,1
ubos,1
udto,1
uean,1
ueang,1
ueat,1
ueo,1
ueod,1
ueon,1
ueot,1
ugali,1
ugam,1
ugat,1
ugbos,1
ugot,1
ugto,1
uhaw,1
uhay,1
uhong,1
uli,1
ulihi,1
uling,1
um-um,1
uma,1
uman,1
umang,1
umoe,1
una,1
unat,1
unga,1
ungae,1
ungas,1
unod,1
unos,1
untay,1
upa,1
upak,1
upaw,1
upong,1
upos,1
usa,1
usok,1
utak,1
utan,1
utang,1
utas,1
utog,1
utok,1
utot,1
uwak,1
uway,1
venturanza,1
violin,1
visayas,1
wa,1
waea,1
waeas,1
waeo,1
waewae,1
wagas,1
wagwag,1
wahing,1
wahwah,1
wakae,1
wakat,1
wakog,1
wakwak,1
wal-it,1
walak-walak,1
walastik,1
waldas,1
wali,1
walig,1
walik,1
waling,1
waling-waling,1
walog-walog,1
wangi,1
wangot,1
wangwang,1
wantid,1
waoe,1
warak-warak,1
warang,1
waray,1
warik,1
warning,1
warog,1
was-ag,1
wasak,1
wasay,1
wasdak,1
wasi,1
wasik,1
wasing,1
wasir,1
waslik,1
waswas,1
watay,1
waterbayasin,1
waterhiter,1
waterlili,1
wati,1
watid,1
watwat,1
waw,1
wawa,1
wawaw,1
waya-waya,1
waytleghorn,1
weste,1
wi-wi,1
wigit,1
wiit,1
wilga,1
wili,1
wilik,1
wilwil,1
wipibol,1
wipon,1
wisik,1
witay,1
witer,1
witi-witi,1
witing,1
wonderbred,1
worid,1
ya,1
ya-ya,1
yab-ok,1
yabi,1
yadi,1
yagota,1
yahong,1
yakal,1
yakap,1
yamaha,1
yamar,1
yangob,1
yangot,1
yano,1
yaob,1
yapak,1
yarda,1
yasyas,1
yate,1
yati,1
yatis,1
yaw-anay,1
yawa,1
yawan,1
yawi,1
yaya,1
yelo,1
yema,1
yero,1
yoyo,1
yubit,1
yugo,1
yugyug,1
yuhom-yuhom,1
yuko,1
yukot,1
yukyuk,1
yumad,1
yumyum,1
yunar,1
yupi,1
yupyup,1
yuyom,1
yuyos,1
